ID,Type,Filename,Directory,URL
paper_1,Video,paper_1.mov,videos,https://www.youtube.com/watch?v=rZY23hJK-2g
paper_2,Video,paper_2.mov,videos,https://www.youtube.com/watch?v=Atcky5LgjuY
paper_3,Video,paper_3.mov,videos,https://www.youtube.com/watch?v=QJxmLSjoPYg
paper_4,Video,paper_4.mov,videos,https://www.youtube.com/watch?v=qFb2rvmrahc
paper_5,Video,paper_5.mov,videos,https://www.youtube.com/watch?v=6FCZWPzmnNc
paper_6,Video,paper_6.mov,videos,https://www.youtube.com/watch?v=CiWUNucHpB4
paper_7,Video,paper_7.mov,videos,https://www.youtube.com/watch?v=rFj9NvBw2ps
paper_8,Video,paper_8.mov,videos,https://www.youtube.com/watch?v=9d1YLw3ZjCA